{
  "project_info": {
    "project_number": "139883017124",
    "project_id": "chatpoc-c3304",
    "storage_bucket": "chatpoc-c3304.firebasestorage.app"
  },
  "client": [
    {
      "client_info": {
        "mobilesdk_app_id": "1:139883017124:android:cad82d442e54e193ce8731",
        "android_client_info": {
          "package_name": "com.chat.poc"
        }
      },
      "oauth_client": [],
      "api_key": [
        {
          "current_key": "AIzaSyDAwVcu4KDLWGP0j_GMrPr4ZOFeZITRsGE"
        }
      ],
      "services": {
        "appinvite_service": {
          "other_platform_oauth_client": []
        }
      }
    }
  ],
  "configuration_version": "1"
}